CICLO,EVENTO,LOTE,SUP,pp Nov,pp Dic,pp Ene,IPC,EROSION POTENCIAL,EVI 1 Nov media,EVI 1 Nov min,EVI 1 Nov max,EVI 17 Nov media,EVI 17 Nov min,EVI 17 Nov max,EVI 3 Dic media,EVI 3 Dic min,EVI 3 Dic max,EVI 19 Dic media,EVI 19 Dic min,EVI 19 Dic max,EVI 1 Ene media,EVI 1 Ene min,EVI 1 Ene max,EVI 17 Ene media,EVI 17 Ene min,EVI 17 Ene max,EVI 2 Feb media,EVI 2 Feb min,EVI 2 Feb max,RINDE,H_Nov,H_Dic,H_Ene,T_Med_Nov,T > 33 Nov,T_Med_Dic,T > 33 Dic,T_Med_Ene,T > 33 Ene
2001/02,Neutro,TEMPEL N2,64.8,353,140,156,52,moderadamente susceptible,0.2127125,0.2035,0.2397,0.4679625,0.437,0.4854,0.7799625,0.7469,0.8075,0.75525,0.6807,0.7747,0.6201125,0.5831,0.6363,0.6165375,0.6057,0.6218,0.4905625,0.466,0.5125,6675,1458,677,1064,20.4,0,22.9,0,24.5,6
2001/02,Neutro,3D,118.4,353,140,156,34,practicamente no susceptible,0.509707142857143,0.463,0.6164,0.70085,0.6382,0.7478,0.760214285714286,0.647,0.7971,0.6446071428571429,0.6187,0.6901,0.54605,0.4911,0.5911,0.379578571428571,0.2952,0.5838,0.18551428571428602,0.1621,0.3018,8357,1463,696,1111,20.4,0,22.9,0,24.5,6
2001/02,Neutro,6NORTE,143.6,353,140,156,32,moderadamente susceptible,0.484928571428571,0.463,0.5108,0.679592857142857,0.5523,0.7642,0.77295,0.7054,0.8311,0.6374,0.5363,0.701,0.525971428571429,0.4902,0.5562,0.313514285714286,0.2923,0.3375,0.19344285714285703,0.1622,0.3257,7296,1459,689,1093,20.4,0,22.9,0,24.5,6
2001/02,Neutro,BUEYES NORTE,143.1,358,136,120,32,moderadamente susceptible,0.327773333333333,0.2531,0.4823,0.38142,0.1976,0.6323,0.4633,0.233,0.6377,0.522046666666667,0.4422,0.5597,0.5743,0.4478,0.7055,0.593546666666667,0.4535,0.7629,0.465686666666667,0.3191,0.5997,4668,1455,689,1092,20.4,0,22.9,0,24.5,6
2001/02,Neutro,4,69.4,337,153,170,50,moderadamente susceptible,0.374044444444444,0.2448,0.4344,0.5584555555555559,0.4363,0.6568,0.627522222222222,0.5051,0.7217,0.593933333333333,0.5056,0.6538,0.552533333333333,0.4881,0.5766,0.505733333333333,0.479,0.5309,0.303333333333333,0.2859,0.3385,5848,1483,759,1239,20.4,0,22.9,0,24.5,6
2001/02,Neutro,10,94.4,337,153,170,50,moderadamente susceptible,0.24656666666666702,0.1959,0.3493,0.4441,0.317,0.5758,0.528525,0.364,0.6684,0.5448833333333329,0.4168,0.6676,0.47508333333333297,0.4004,0.5308,0.449116666666667,0.4048,0.4666,0.25595,0.1999,0.318,5596,1480,754,1236,20.4,0,22.9,0,24.5,6
2001/02,Neutro,14,85.1,334,147,170,49,practicamente no susceptible,0.314890909090909,0.2179,0.4378,0.4474,0.3325,0.5871,0.532345454545455,0.4077,0.6048,0.4488,0.3232,0.5446,0.48970909090909104,0.4186,0.5724,0.463854545454545,0.4209,0.5547,0.2805,0.2081,0.3278,4091,1471,741,1249,20.4,0,22.9,0,24.5,6
2002/03,Niño,SAN CARLOS A NORTEL,97.2,356,405,121,40,moderadamente susceptible,0.56201,0.4716,0.6194,0.56201,0.4716,0.6194,0.5692,0.5284,0.6275,0.59456,0.5169,0.6477,0.57517,0.5506,0.6062,0.4889,0.4696,0.5273,0.24282,0.17,0.409,6961,1558,1575,792,21.3,0,22.3,0,25.1,4
2002/03,Niño,SAN FRANCISCO C,77.3,349,418,120,40,moderadamente susceptible,0.562575,0.5384,0.5917,0.562575,0.5384,0.5917,0.5712,0.4697,0.6183,0.6155,0.5872,0.6454,0.55315,0.5321,0.5843,0.476325,0.4609,0.527,0.2254375,0.1834,0.283,5615,1552,1565,785,21.3,0,22.3,0,25.1,4
2002/03,Niño,3C3,68.5,349,418,120,None,None,0.5614285714285709,0.4923,0.6108,0.5614285714285709,0.4923,0.6108,0.611142857142857,0.5584,0.6438,0.5823857142857141,0.4605,0.6565,0.597185714285714,0.5508,0.6417,0.531728571428571,0.4739,0.5545,0.198314285714286,0.1554,0.2652,8849,1556,1569,805,21.3,0,22.3,0,25.1,4
2002/03,Niño,9 ESTE,113.3,351,41,126,73,levemente susceptible,0.574775,0.4995,0.6833,0.574775,0.4995,0.6833,0.592175,0.5534,0.675,0.591375,0.5473,0.6186,0.5724,0.5394,0.6234,0.471291666666667,0.4392,0.4994,0.27975,0.2623,0.3405,5844,1552,1566,812,21.3,0,22.3,0,25.1,4
2002/03,Niño,3C,57.7,349,418,120,73,levemente susceptible,0.5438833333333329,0.5075,0.6295,0.5438833333333329,0.5075,0.6295,0.589933333333333,0.562,0.6067,0.61965,0.6061,0.6401,0.595083333333333,0.588,0.6026,0.467733333333333,0.3643,0.51,0.3006,0.274,0.3347,6407,1552,1566,812,21.3,0,22.3,0,25.1,4
2002/03,Niño,L26,58.7,352,409,125,40,moderadamente susceptible,0.541,0.49,0.5701,0.541,0.49,0.5701,0.591783333333333,0.5541,0.647,0.574266666666667,0.4461,0.6393,0.56985,0.5376,0.6353,0.48205,0.4688,0.5089,0.269266666666667,0.1912,0.4526,8180,1557,1570,819,21.3,0,22.3,0,25.1,4
2002/03,Niño,1C4,114.8,349,418,120,40,moderadamente susceptible,0.423308333333333,0.3356,0.5042,0.423308333333333,0.3356,0.5042,0.585966666666667,0.5459,0.6422,0.587866666666667,0.5315,0.6229,0.5759,0.473,0.6136,0.506091666666667,0.4655,0.6793,0.25995833333333296,0.1915,0.4457,5577,1549,1563,779,21.3,0,22.3,0,25.1,4
2002/03,Niño,4A,46.3,325,409,132,50,moderadamente susceptible,0.338183333333333,0.234,0.4546,0.315416666666667,0.2599,0.3903,0.523766666666667,0.452,0.5683,0.556083333333333,0.478,0.6164,0.60435,0.5758,0.6262,0.49755,0.4692,0.5279,0.38985,0.3085,0.4454,6350,1535,1576,954,21.3,0,22.3,0,25.1,4
2002/03,Niño,11,48.0,330,416,133,50,moderadamente susceptible,0.20483333333333298,0.1915,0.223,0.1933,0.1722,0.2268,0.337466666666667,0.3278,0.3435,0.5125666666666671,0.4044,0.6102,0.62235,0.5802,0.7033,0.592833333333333,0.5563,0.6697,0.526583333333333,0.4639,0.584,4312,1525,1558,950,21.3,0,22.3,0,25.1,4
2003/04,Neutro,1N,29.0,211,273,78,40,moderadamente susceptible,0.31733333333333297,0.3113,0.3221,0.6474,0.625,0.6659,0.6749,0.6415,0.6941,0.6286,0.6087,0.6578,0.6286,0.6087,0.6578,0.413,0.3907,0.4293,0.1692,0.1666,0.1717,9011,1061,1039,724,20.9,1,21.7,0,25.1,5
2003/04,Neutro,1S,57.7,211,273,78,40,moderadamente susceptible,0.3341,0.3059,0.3756,0.609066666666667,0.5359,0.6876,0.6799833333333329,0.6606,0.7057,0.610633333333333,0.5796,0.6447,0.579416666666667,0.5057,0.6447,0.4433,0.4336,0.4492,0.22468333333333299,0.2019,0.2618,7501,1061,1039,724,20.9,1,21.7,0,25.1,5
2003/04,Neutro,3D,115.4,210,275,79,34,practicamente no susceptible,0.391061538461538,0.3528,0.4728,0.6971846153846151,0.297,0.7797,0.7547230769230769,0.7121,0.8069,0.661192307692308,0.491,0.7162,0.648523076923077,0.491,0.7162,0.49960769230769203,0.2968,0.5763,0.198723076923077,0.158,0.2803,8175,1079,1030,760,20.9,1,21.7,0,25.1,5
2003/04,Neutro,L8,169.4,210,275,79,73,levemente susceptible,0.2878,0.2323,0.3592,0.6552055555555559,0.5355,0.7255,0.681877777777778,0.5668,0.7389,0.6500222222222221,0.5455,0.6808,0.6500222222222221,0.5455,0.6808,0.531238888888889,0.3221,0.6962,0.247561111111111,0.1962,0.4104,5630,1082,1029,766,20.9,1,21.7,0,25.1,5
2003/04,Neutro,CANADA,75.8,210,275,79,52,moderadamente susceptible,0.3567875,0.3025,0.4268,0.6712375,0.5018,0.7394,0.7526,0.6298,0.8228,0.6554,0.6126,0.7041,0.6487875,0.6214,0.6855,0.5355,0.4494,0.6286,0.34405,0.3078,0.3966,11564,991,1052,704,20.9,1,21.7,0,25.1,5
2003/04,Neutro,1C3,87.9,210,275,79,50,practicamente no susceptible,0.330255555555556,0.2467,0.4119,0.6638333333333329,0.4278,0.7656,0.7439222222222219,0.5816,0.9129,0.6916444444444441,0.5312,0.789,0.682977777777778,0.5312,0.789,0.5266666666666671,0.4697,0.5625,0.26951111111111103,0.2077,0.4559,7363,1021,1051,732,20.9,1,21.7,0,25.1,5
2003/04,Neutro,SAN CARLOS C,155.3,210,275,79,32,moderadamente susceptible,0.3529875,0.3252,0.37,0.5803625,0.4303,0.6743,0.6973625,0.6206,0.7682,0.6543,0.5825,0.7101,0.631525,0.5709,0.6731,0.5367125,0.4648,0.6187,0.27880625,0.2358,0.3386,9053,1015,1046,697,20.9,1,21.7,0,25.1,5
2003/04,Neutro,LOMA NORTE,105.3,210,275,79,50,practicamente no susceptible,0.38017272727272694,0.3561,0.3899,0.675454545454545,0.5669,0.7505,0.6770909090909091,0.5795,0.7109,0.645572727272727,0.5036,0.7109,0.5154363636363639,0.2401,0.6714,0.284872727272727,0.2117,0.5043,0.2006,0.1735,0.2534,9828,1036,1045,728,20.9,1,21.7,0,25.1,5
2003/04,Neutro,1,46.7,270,256,28,50,moderadamente susceptible,0.26298333333333296,0.2233,0.2785,0.36025,0.3399,0.3754,0.61855,0.5752,0.6345,0.649716666666667,0.6311,0.6688,0.69645,0.6755,0.7362,0.6627,0.6376,0.703,0.25455,0.2282,0.2884,6093,1384,996,1086,20.9,1,21.7,0,25.1,5
2003/04,Neutro,2,53.2,274,254,31,50,moderadamente susceptible,0.273242857142857,0.2648,0.2845,0.348271428571429,0.3254,0.3722,0.576171428571429,0.5407,0.6104,0.6163,0.5364,0.6826,0.662857142857143,0.6181,0.7263,0.621642857142857,0.5882,0.6699,0.24122857142857101,0.211,0.2705,6285,1384,996,1086,20.9,1,21.7,0,25.1,5
2003/04,Neutro,18,46.5,264,260,23,49,practicamente no susceptible,0.25695,0.2394,0.284,0.3582,0.3251,0.3888,0.570116666666667,0.5098,0.6332,0.63635,0.4968,0.7005,0.6006,0.4747,0.7007,0.57685,0.4308,0.6401,0.251566666666667,0.2001,0.4328,6511,1379,982,1146,20.9,1,21.7,0,25.1,5
2003/04,Neutro,LAS MONJAS,146.7,164,290,80,36,altamente susceptible,0.42314,0.3867,0.4572,0.6036533333333329,0.477,0.691,0.597073333333333,0.5746,0.6203,0.565293333333333,0.461,0.6275,0.565293333333333,0.461,0.6275,0.32266,0.26,0.3846,0.24541333333333298,0.1891,0.3104,8840,844,1120,503,20.9,1,21.7,0,25.1,5
2003/04,Neutro,PASTO ALTO,36.1,160,302,62,53,levemente susceptible,0.419433333333333,0.3046,0.5408,0.505266666666667,0.4116,0.6395,0.463666666666667,0.4079,0.5529,0.585433333333333,0.5548,0.6086,0.585433333333333,0.5548,0.6086,0.507966666666667,0.4583,0.6064,0.2641,0.2318,0.3209,8902,775,1194,513,20.9,1,21.7,0,25.1,5
2004/05,Niño,SAN FRANCISCO B,86.2,307,276,309,40,moderadamente susceptible,0.339277777777778,0.2881,0.4268,0.531655555555556,0.4299,0.6935,0.660622222222222,0.5624,0.7434,0.674988888888889,0.5875,0.7476,0.642344444444444,0.5479,0.705,0.632333333333333,0.5877,0.6738,0.367955555555556,0.3276,0.4714,10983,1119,1191,1370,20.4,0,23.5,3,25.4,9
2004/05,Niño,SAN CARLOS D,59.7,320,274,305,30,altamente susceptible,0.3283,0.2918,0.4125,0.5946,0.5115,0.6381,0.602483333333333,0.5322,0.6341,0.611116666666667,0.5946,0.6234,0.5972833333333329,0.557,0.6234,0.517466666666667,0.498,0.5322,0.2396,0.1976,0.3312,11130,1135,1189,1378,20.4,0,23.5,3,25.4,9
2004/05,Niño,15A NORTE,109.3,320,274,305,40,moderadamente susceptible,0.29410833333333297,0.2418,0.4012,0.598175,0.4461,0.716,0.700691666666667,0.6369,0.774,0.702125,0.6183,0.7473,0.667558333333333,0.5939,0.7086,0.611816666666667,0.5397,0.6378,0.30195,0.2606,0.367,10221,1135,1189,1378,20.4,0,23.5,3,25.4,9
2004/05,Niño,9 ESTE,114.9,315,266,304,73,levemente susceptible,0.357758333333333,0.2179,0.404,0.606975,0.5094,0.6837,0.7020166666666671,0.6178,0.7702,0.718041666666667,0.6295,0.7792,0.5935,0.5084,0.6957,0.468283333333333,0.4151,0.5016,0.217058333333333,0.1704,0.4006,7177,1137,1169,1393,20.4,0,23.5,3,25.4,9
2004/05,Niño,1C4,104.9,320,274,305,40,moderadamente susceptible,0.333,0.2378,0.3783,0.5606272727272731,0.4724,0.6416,0.760027272727273,0.6251,0.8763,0.7507272727272729,0.6608,0.7769,0.662354545454545,0.5239,0.7139,0.656209090909091,0.5775,0.6834,0.437136363636364,0.3602,0.7224,10178,1125,1190,1367,20.4,0,23.5,3,25.4,9
2004/05,Niño,2C2,144.0,320,274,305,50,practicamente no susceptible,0.404233333333333,0.3342,0.5008,0.56944,0.4585,0.6606,0.7298266666666671,0.6994,0.7894,0.715266666666667,0.694,0.7552,0.660313333333333,0.5262,0.7154,0.610273333333333,0.4095,0.6971,0.346446666666667,0.2808,0.4616,10722,1125,1190,1367,20.4,0,23.5,3,25.4,9
2004/05,Niño,9 OESTE,94.3,319,273,305,34,practicamente no susceptible,0.35868,0.2897,0.5267,0.5615,0.4938,0.657,0.71231,0.6377,0.8133,0.7154,0.6883,0.7647,0.61187,0.5913,0.6377,0.41838,0.3759,0.5124,0.21719,0.1517,0.3337,8672,1137,1169,1393,20.4,0,23.5,3,25.4,9
2004/05,Niño,TEMPEL N,85.7,320,274,305,40,moderadamente susceptible,0.29898888888888897,0.2543,0.3606,0.657311111111111,0.613,0.6945,0.6894555555555559,0.5975,0.7142,0.723633333333333,0.6729,0.7424,0.646577777777778,0.6089,0.6619,0.625066666666667,0.6023,0.6442,0.4414,0.42,0.4582,8908,1119,1192,1370,20.4,0,23.5,3,25.4,9
2004/05,Niño,6N,115.0,320,274,305,50,practicamente no susceptible,0.3418,0.2881,0.4521,0.646908333333333,0.5541,0.7059,0.693525,0.6005,0.7458,0.686308333333333,0.6372,0.7089,0.642625,0.5647,0.6802,0.48305,0.4496,0.4995,0.17453333333333299,0.1534,0.243,9397,1124,1177,1381,20.4,0,23.5,3,25.4,9
2004/05,Niño,11 NORTE,38.0,315,266,304,73,levemente susceptible,0.328725,0.304,0.3379,0.738675,0.5868,0.832,0.720175,0.6526,0.8199,0.8123,0.7871,0.8545,0.499325,0.4956,0.5071,0.56775,0.5216,0.5954,0.174175,0.1638,0.1882,9592,1141,1178,1387,20.4,0,23.5,3,25.4,9
2004/05,Niño,EL RANCHO,42.0,294,218,318,35,levemente susceptible,0.355716666666667,0.2591,0.424,0.49545,0.3408,0.5948,0.57535,0.5241,0.6457,0.605566666666667,0.5353,0.6952,0.481233333333333,0.4404,0.5129,0.391583333333333,0.255,0.5013,0.2968,0.1864,0.5133,5181,1322,1203,1383,20.4,0,23.5,3,25.4,9
2004/05,Niño,TIO YESI,43.0,287,203,317,35,altamente susceptible,0.19098333333333298,0.1824,0.2024,0.2298,0.2098,0.2444,0.455633333333333,0.4042,0.4816,0.627666666666667,0.5852,0.6671,0.5329,0.5091,0.5716,0.45265,0.4209,0.4849,0.41085,0.3239,0.4573,4030,1368,1189,1390,20.4,0,23.5,3,25.4,9
2004/05,Niño,SAN MARCOS3,29.0,287,203,317,23,altamente susceptible,0.2844,0.2659,0.2943,0.4103,0.347,0.4582,0.552225,0.5253,0.6008,0.584925,0.571,0.6137,0.354,0.3453,0.3675,0.224725,0.2129,0.2362,0.3001,0.2935,0.3023,4568,1373,1169,1378,20.4,0,23.5,3,25.4,9
2004/05,Niño,SAN MARCOS2,43.0,287,203,317,37,levemente susceptible,0.27135,0.2157,0.314,0.412333333333333,0.3216,0.4582,0.510966666666667,0.4954,0.5247,0.568233333333333,0.5185,0.5881,0.37625,0.3476,0.4301,0.25115,0.2422,0.2617,0.31033333333333296,0.2335,0.3483,4568,1373,1169,1378,20.4,0,23.5,3,25.4,9
2004/05,Niño,11 SUR,87.5,315,266,304,73,levemente susceptible,0.33955555555555594,0.302,0.3766,0.697,0.5654,0.7784,0.758355555555556,0.6614,0.8265,0.7395333333333329,0.6419,0.7871,0.514111111111111,0.4731,0.5578,0.46614444444444403,0.3893,0.6135,0.256444444444444,0.1875,0.4061,8411,1137,1169,1393,20.4,0,23.5,3,25.4,9
2004/05,Niño,SAVINO,35.1,286,317,312,44,altamente susceptible,0.413,0.3783,0.433,0.5733,0.5666,0.5871,0.6221,0.592,0.6398,0.629975,0.4849,0.6823,0.50365,0.4849,0.5324,0.2617,0.1868,0.2906,0.2168,0.1566,0.3147,7746,1191,1399,1475,20.4,0,23.5,3,25.4,9
2005/06,Niña,L26,56.4,155,64,298,40,moderadamente susceptible,0.32335,0.3013,0.3453,0.63085,0.5244,0.7085,0.629383333333333,0.5873,0.6676,0.590366666666667,0.5121,0.6448,0.553166666666667,0.5074,0.6168,0.33295,0.2967,0.3483,0.295533333333333,0.2471,0.4202,6134,792,325,1437,21.8,1,22.7,3,26.1,12
2005/06,Niña,3C3 RIEGO,57.1,161,70,290,30,altamente susceptible,0.27355,0.2574,0.281,0.681766666666667,0.634,0.752,0.747233333333333,0.6715,0.7738,0.748116666666667,0.6957,0.7919,0.70075,0.6519,0.724,0.5696,0.432,0.6146,0.45431666666666704,0.4279,0.4786,10779,791,324,1392,21.8,1,22.7,3,26.1,12
2005/06,Niña,1C2,54.2,161,70,290,34,practicamente no susceptible,0.31865,0.2718,0.3486,0.694916666666667,0.6433,0.7338,0.690766666666667,0.5421,0.7469,0.689716666666667,0.6444,0.7102,0.674283333333333,0.6515,0.6891,0.493316666666667,0.4654,0.5336,0.350066666666667,0.2855,0.3719,8916,793,327,1403,21.8,1,22.7,3,26.1,12
2005/06,Niña,1C3 RIEGO,75.7,161,70,290,50,practicamente no susceptible,0.290177777777778,0.2427,0.3779,0.631711111111111,0.3946,0.8046,0.734355555555556,0.5667,0.8289,0.7448222222222219,0.6739,0.797,0.704288888888889,0.5836,0.7614,0.634811111111111,0.5519,0.6588,0.47778888888888904,0.4493,0.5112,10604,793,327,1403,21.8,1,22.7,3,26.1,12
2005/06,Niña,6 SUR,68.6,161,70,290,50,practicamente no susceptible,0.325428571428571,0.2681,0.348,0.7059714285714289,0.6162,0.8014,0.726157142857143,0.668,0.7786,0.686514285714286,0.6435,0.7197,0.638085714285714,0.6185,0.6671,0.354585714285714,0.2797,0.5794,0.274885714285714,0.1972,0.3613,6854,786,325,1461,21.8,1,22.7,3,26.1,12
2005/06,Niña,SAN FRANCISCO C,103.5,161,70,290,40,moderadamente susceptible,0.27604545454545504,0.2555,0.3342,0.630054545454545,0.3362,0.7453,0.705218181818182,0.5714,0.7644,0.662927272727273,0.5253,0.7368,0.6357,0.567,0.6927,0.513554545454545,0.4544,0.5951,0.41013636363636397,0.3729,0.5302,6424,787,323,1384,21.8,1,22.7,3,26.1,12
2005/06,Niña,SAN CARLOS C,144.0,161,70,290,30,altamente susceptible,0.36444,0.3317,0.4353,0.6961,0.502,0.7881,0.676333333333333,0.5788,0.7502,0.6448,0.5513,0.6818,0.619193333333333,0.5661,0.6567,0.47874,0.3918,0.6022,0.38974,0.3453,0.4415,7260,78,323,1391,21.8,1,22.7,3,26.1,12
2005/06,Niña,L8,141.5,161,70,290,34,practicamente no susceptible,0.371526666666667,0.3237,0.4098,0.676786666666667,0.6414,0.7018,0.708093333333333,0.6734,0.7692,0.6671066666666671,0.6369,0.6881,0.618746666666667,0.5874,0.6545,0.37688666666666704,0.3245,0.4643,0.27246,0.2371,0.3194,5894,790,324,1479,21.8,1,22.7,3,26.1,12
2005/06,Niña,SAN CARLOS A NORTE,122.0,154,72,276,40,moderadamente susceptible,0.268707692307692,0.234,0.3171,0.6671461538461539,0.5664,0.7747,0.7263538461538459,0.6343,0.8119,0.6862615384615379,0.6078,0.7669,0.676,0.5755,0.7351,0.502353846153846,0.433,0.571,0.4181,0.3576,0.474,7179,788,323,1358,21.8,1,22.7,3,26.1,12
2005/06,Niña,1A,74.0,158,56,400,42,moderadamente susceptible,0.264133333333333,0.2229,0.2929,0.503711111111111,0.4354,0.5801,0.523111111111111,0.4769,0.5528,0.47231111111111096,0.3328,0.5195,0.43733333333333296,0.3966,0.4682,0.4108,0.2842,0.4901,0.420022222222222,0.3523,0.6454,2862,730,318,1852,21.8,1,22.7,3,26.1,12
2005/06,Niña,3,62.4,159,57,407,50,moderadamente susceptible,0.3015375,0.2902,0.3155,0.6172125,0.5755,0.6539,0.6086625,0.5869,0.6345,0.535,0.486,0.5704,0.445525,0.3381,0.5181,0.3585375,0.3058,0.4066,0.3322875,0.3029,0.3476,4122,729,317,1853,21.8,1,22.7,3,26.1,12
2005/06,Niña,3A,62.6,159,57,407,50,moderadamente susceptible,0.2764625,0.2605,0.2896,0.5636625,0.4957,0.6096,0.5700375,0.5323,0.5875,0.50735,0.3893,0.578,0.4665625,0.3923,0.5424,0.407375,0.3655,0.4548,0.389175,0.3152,0.5758,4064,729,317,1854,21.8,1,22.7,3,26.1,12
2005/06,Niña,14,55.5,163,54,397,50,moderadamente susceptible,0.35097142857142904,0.3303,0.3745,0.632014285714286,0.6013,0.674,0.648671428571429,0.6252,0.7155,0.5667,0.5044,0.6407,0.488714285714286,0.3828,0.5647,0.380357142857143,0.3433,0.4079,0.360428571428571,0.3205,0.4171,3885,730,313,1873,21.8,1,22.7,3,26.1,12
2005/06,Niña,15,123.3,163,54,397,50,moderadamente susceptible,0.280975,0.1977,0.3804,0.58938125,0.5108,0.6587,0.65604375,0.5916,0.7336,0.5785875,0.5227,0.6468,0.53156875,0.481,0.5702,0.3908875,0.3446,0.4444,0.415425,0.3159,0.6278,3372,729,313,1876,21.8,1,22.7,3,26.1,12
2005/06,Niña,LA QUERENCIA1,45.0,146,82,306,35,levemente susceptible,0.459183333333333,0.4384,0.4742,0.6648333333333329,0.5507,0.7393,0.6970666666666671,0.6436,0.7492,0.6532,0.5874,0.6901,0.520466666666667,0.3276,0.6658,0.324416666666667,0.2881,0.3609,0.268616666666667,0.2395,0.2778,6914,806,341,1456,21.8,1,22.7,3,26.1,12
2005/06,Niña,LA QUERENCIA3,64.0,146,82,306,35,levemente susceptible,0.46603333333333297,0.4255,0.5119,0.6921,0.6174,0.7611,0.666633333333333,0.6404,0.6861,0.6386,0.5745,0.689,0.45445555555555595,0.3488,0.5911,0.2999,0.2078,0.4079,0.255588888888889,0.1865,0.301,6914,806,341,1456,21.8,1,22.7,3,26.1,12
2005/06,Niña,LA QUERENCIA2,51.0,146,8,306,37,levemente susceptible,0.43124285714285704,0.4148,0.456,0.625342857142857,0.5364,0.7093,0.617,0.5513,0.6877,0.618914285714286,0.5483,0.6773,0.607357142857143,0.4092,0.6706,0.38238571428571405,0.3268,0.4316,0.30524285714285704,0.2374,0.356,6914,806,341,1456,21.8,1,22.7,3,26.1,12
2005/06,Niña,OMBU 2 Y 3,43.0,146,82,306,42,altamente susceptible,0.35313333333333297,0.3032,0.4306,0.59875,0.5419,0.6752,0.6671,0.6135,0.7392,0.5842333333333329,0.48,0.648,0.546033333333333,0.3918,0.6476,0.287783333333333,0.2668,0.3222,0.297533333333333,0.2609,0.403,4231,811,346,1454,21.8,1,22.7,3,26.1,12
2005/06,Niña,ABRA DE LA CRUZ1,72.0,143,80,270,39,moderadamente susceptible,0.40819,0.3946,0.4277,0.61232,0.5034,0.6682,0.6144,0.5922,0.6508,0.57417,0.5518,0.6429,0.51627,0.4987,0.5337,0.20701,0.1535,0.3887,0.15433,0.1347,0.1729,5724,825,375,1368,21.8,1,22.7,3,26.1,12
2005/06,Niña,3C,118.1,161,70,290,73,levemente susceptible,0.29535,0.2347,0.3597,0.634008333333333,0.5233,0.7075,0.65865,0.6175,0.7079,0.621441666666667,0.5821,0.6788,0.581975,0.508,0.6596,0.3806,0.3357,0.4713,0.291408333333333,0.2531,0.3722,6613,790,324,1479,21.8,1,22.7,3,26.1,12
2006/07,Niño,1 NORTE,39.3,303,469,232,38,levemente susceptible,0.456375,0.4365,0.4844,0.664275,0.6375,0.6937,0.639975,0.6319,0.6489,0.592475,0.5874,0.5952,0.560425,0.548,0.5671,0.4058,0.3786,0.437,0.237825,0.2212,0.265,7989,1087,1649,881,20.7,0,24.3,1,24.2,2
2006/07,Niño,1 SUR,55.2,303,469,232,40,moderadamente susceptible,0.460883333333333,0.4182,0.4862,0.6494,0.6256,0.678,0.6465,0.6369,0.6613,0.6351,0.624,0.6497,0.593633333333333,0.5722,0.6056,0.413483333333333,0.3924,0.4462,0.267416666666667,0.2364,0.291,8354,1087,1649,881,20.7,0,24.3,1,24.2,2
2006/07,Niño,BUEYES NORTE,104.7,288,484,232,32,moderadamente susceptible,0.473654545454545,0.4343,0.5144,0.666181818181818,0.5621,0.7391,0.716127272727273,0.6691,0.7945,0.603163636363636,0.574,0.63,0.6024,0.5618,0.6252,0.451609090909091,0.4176,0.4769,0.27996363636363597,0.2641,0.2943,8385,1092,1663,888,20.7,0,24.3,1,24.2,2
2006/07,Niño,BUEYES SUR,153.3,301,477,229,32,moderadamente susceptible,0.327176470588235,0.2903,0.3701,0.492,0.3796,0.5943,0.631717647058824,0.5405,0.6989,0.614188235294118,0.5166,0.6911,0.612076470588235,0.5327,0.6881,0.512970588235294,0.4043,0.5731,0.3028,0.2527,0.3408,8238,1095,1665,877,20.7,0,24.3,1,24.2,2
2006/07,Niño,CANADA SUR,95.0,300,483,228,40,moderadamente susceptible,0.51949,0.4855,0.5582,0.71056,0.6513,0.8033,0.63785,0.5154,0.7101,0.62852,0.4905,0.7163,0.61923,0.562,0.6651,0.53149,0.5091,0.6241,0.34724,0.3039,0.4663,11698,1068,1633,863,20.7,0,24.3,1,24.2,2
2006/07,Niño,RUPEL 2,53.6,300,483,228,40,moderadamente susceptible,0.46104,0.4413,0.5167,0.61534,0.5339,0.6569,0.64706,0.5292,0.7203,0.59276,0.4763,0.6589,0.567,0.5237,0.5886,0.40814,0.356,0.4917,0.26284,0.2377,0.3195,8532,1070,1634,860,20.7,0,24.3,1,24.2,2
2006/07,Niño,TEMPEL NORTE,97.7,300,483,228,52,moderadamente susceptible,0.60672,0.4797,0.6569,0.68603,0.4887,0.7277,0.6763,0.6142,0.6938,0.64743,0.5352,0.6697,0.60335,0.569,0.6186,0.44833,0.4337,0.4654,0.26289,0.2322,0.3658,10049,1068,1633,863,20.7,0,24.3,1,24.2,2
2006/07,Niño,1C4,94.8,300,483,228,40,moderadamente susceptible,0.53658,0.4279,0.5674,0.66179,0.4957,0.7723,0.64309,0.5153,0.7251,0.63568,0.6184,0.6632,0.59256,0.5517,0.6442,0.4715,0.4175,0.5316,0.30928,0.2571,0.412,10538,1071,1635,860,20.7,0,24.3,1,24.2,2
2006/07,Niño,2C2,134.0,300,483,228,50,practicamente no susceptible,0.345057142857143,0.2928,0.4216,0.542142857142857,0.4109,0.6164,0.730471428571429,0.6189,0.7854,0.698892857142857,0.6014,0.7255,0.684592857142857,0.5786,0.7299,0.590785714285714,0.5443,0.7172,0.36205,0.3105,0.4585,11197,1071,1635,860,20.7,0,24.3,1,24.2,2
2006/07,Niño,4,71.5,317,466,209,50,moderadamente susceptible,0.630122222222222,0.5916,0.667,0.710055555555556,0.6636,0.7606,0.6866888888888889,0.6768,0.6986,0.636188888888889,0.6081,0.648,0.614322222222222,0.5785,0.6392,0.5382,0.4895,0.5614,0.278877777777778,0.2301,0.3294,9363,1104,1699,914,20.7,0,24.3,1,24.2,2
2006/07,Niño,4A,46.8,317,466,209,50,moderadamente susceptible,0.534633333333333,0.4226,0.6686,0.591766666666667,0.5424,0.6918,0.594833333333333,0.5237,0.7305,0.51325,0.4385,0.6274,0.5629166666666671,0.496,0.6234,0.519933333333333,0.5074,0.5425,0.271266666666667,0.2217,0.3203,8817,1104,1699,914,20.7,0,24.3,1,24.2,2
2006/07,Niño,10,103.9,317,466,209,50,moderadamente susceptible,0.48925,0.3797,0.5353,0.639235714285714,0.4561,0.674,0.690507142857143,0.5578,0.7226,0.63925,0.5155,0.675,0.617892857142857,0.5656,0.6396,0.565164285714286,0.5273,0.5883,0.34697142857142904,0.3183,0.4227,9143,1093,1689,907,20.7,0,24.3,1,24.2,2
2006/07,Niño,11,34.7,319,464,217,50,moderadamente susceptible,0.37546,0.3237,0.4131,0.52186,0.3548,0.5872,0.62794,0.5267,0.6921,0.64712,0.6009,0.6676,0.62016,0.5161,0.6536,0.62118,0.6093,0.6402,0.45058,0.432,0.475,9928,1089,1685,917,20.7,0,24.3,1,24.2,2
2006/07,Niño,11A,60.1,319,465,216,49,practicamente no susceptible,0.42078888888888905,0.399,0.4372,0.603722222222222,0.5772,0.6416,0.709833333333333,0.6649,0.7593,0.6786222222222219,0.6614,0.7001,0.649533333333333,0.6218,0.6729,0.648177777777778,0.6201,0.668,0.47992222222222203,0.4643,0.4891,9142,1087,1680,915,20.7,0,24.3,1,24.2,2
2006/07,Niño,13,98.4,317,466,209,None,None,0.49096923076923105,0.4418,0.5219,0.659946153846154,0.6259,0.7057,0.691038461538462,0.6166,0.734,0.637792307692308,0.5667,0.6606,0.6199,0.5849,0.6645,0.575292307692308,0.5293,0.6945,0.381284615384615,0.3295,0.6433,8548,1082,1672,904,20.7,0,24.3,1,24.2,2
2007/08,Niña,PROGRESO,137.8,50,163,207,32,moderadamente susceptible,0.283926666666667,0.2522,0.3184,0.5105666666666671,0.3924,0.6209,0.582173333333333,0.4971,0.7462,0.590006666666667,0.5383,0.6729,0.563673333333333,0.5019,0.6065,0.535986666666667,0.4979,0.5837,0.277513333333333,0.2067,0.3431,6462,500,651,1012,20.3,1,23.6,3,25.2,9
2007/08,Niña,SAN FRANCISCO B,66.7,51,163,206,40,moderadamente susceptible,0.26344285714285703,0.2122,0.3381,0.529628571428571,0.4338,0.5979,0.670485714285714,0.6412,0.7121,0.674528571428571,0.6538,0.7083,0.660528571428571,0.5793,0.7633,0.6229714285714291,0.5623,0.6677,0.344485714285714,0.2865,0.3949,6688,508,643,1007,20.3,1,23.6,3,25.2,9
2007/08,Niña,SAN FRANCISCO C,118.2,55,164,202,52,moderadamente susceptible,0.238238461538462,0.1987,0.3251,0.5333,0.4852,0.5751,0.684723076923077,0.5757,0.7583,0.702669230769231,0.6167,0.7437,0.7656461538461541,0.6259,0.8135,0.6395615384615381,0.5347,0.676,0.375592307692308,0.3388,0.4519,6244,509,641,1009,20.3,1,23.6,3,25.2,9
2007/08,Niña,3C3,62.4,55,164,202,30,altamente susceptible,0.291028571428571,0.2189,0.3998,0.479885714285714,0.3906,0.5859,0.627242857142857,0.5667,0.6752,0.562728571428571,0.5152,0.6257,0.5197428571428571,0.3871,0.6258,0.579,0.5171,0.6388,0.29977142857142897,0.2553,0.3311,7429,512,639,1010,20.3,1,23.6,3,25.2,9
2007/08,Niña,6 OESTE,56.5,55,164,202,50,practicamente no susceptible,0.38285,0.3252,0.4221,0.6396,0.5988,0.6736,0.6346,0.5889,0.6737,0.46,0.2403,0.5261,0.4562,0.3838,0.5509,0.3504,0.1956,0.4439,0.2012,0.193,0.2152,4774,523,633,1012,20.3,1,23.6,3,25.2,9
2007/08,Niña,6 NORTE,129.6,55,164,202,50,practicamente no susceptible,0.240914285714286,0.1994,0.3898,0.434914285714286,0.3586,0.552,0.533907142857143,0.3897,0.6708,0.508135714285714,0.392,0.5773,0.470207142857143,0.3903,0.5606,0.333421428571429,0.2359,0.4736,0.214521428571429,0.1655,0.3179,4151,530,624,1017,20.3,1,23.6,3,25.2,9
2007/08,Niña,9 OESTE,133.8,55,164,202,34,practicamente no susceptible,0.391606666666667,0.2701,0.49,0.54022,0.4121,0.5971,0.601,0.4854,0.6493,0.456186666666667,0.3294,0.5378,0.387753333333333,0.2887,0.524,0.276233333333333,0.207,0.497,0.22708,0.1736,0.2872,5160,536,614,1025,20.3,1,23.6,3,25.2,9
2007/08,Niña,9 ESTE,116.4,55,164,202,73,levemente susceptible,0.260446153846154,0.2408,0.3048,0.518084615384615,0.2824,0.6075,0.622884615384615,0.5087,0.6954,0.556169230769231,0.5327,0.597,0.536653846153846,0.4885,0.7348,0.351423076923077,0.2822,0.6356,0.24170769230769198,0.1892,0.4165,4728,536,614,1025,20.3,1,23.6,3,25.2,9
2007/08,Niña,11 SUR,111.8,55,164,202,73,levemente susceptible,0.314066666666667,0.2616,0.3667,0.573741666666667,0.3592,0.6438,0.640708333333333,0.5105,0.7796,0.548858333333333,0.4388,0.6111,0.531691666666667,0.4728,0.5942,0.322483333333333,0.2504,0.5557,0.22611666666666702,0.2038,0.2879,5441,536,614,1025,20.3,1,23.6,3,25.2,9
2007/08,Niña,11 NORTE,35.6,55,164,202,73,levemente susceptible,0.269975,0.2639,0.2803,0.54365,0.5104,0.5804,0.6408,0.5858,0.7643,0.590975,0.567,0.632,0.554975,0.5339,0.5796,0.37685,0.3539,0.4105,0.2191,0.1946,0.2623,7073,530,621,1019,20.3,1,23.6,3,25.2,9
2007/08,Niña,1C3,106.5,55,164,202,50,practicamente no susceptible,0.219941666666667,0.1694,0.3415,0.371825,0.2802,0.4464,0.64295,0.562,0.7339,0.700758333333333,0.6362,0.7539,0.712683333333333,0.5993,0.7738,0.663791666666667,0.5537,0.7535,0.5145666666666671,0.4132,0.5743,9944,523,638,1007,20.3,1,23.6,3,25.2,9
2007/08,Niña,12 NORTE,55.1,55,164,202,73,levemente susceptible,0.371466666666667,0.3127,0.4103,0.619333333333333,0.4965,0.731,0.567383333333333,0.4826,0.6175,0.56245,0.5286,0.5829,0.51715,0.4907,0.5694,0.536566666666667,0.4716,0.5826,0.323066666666667,0.296,0.3546,5367,526,627,1016,20.3,1,23.6,3,25.2,9
2007/08,Niña,3D,169.8,55,164,202,34,practicamente no susceptible,0.288533333333333,0.2433,0.3899,0.5599,0.4471,0.6135,0.60295,0.5547,0.6756,0.571738888888889,0.4587,0.6412,0.5070444444444441,0.448,0.6203,0.297266666666667,0.254,0.3565,0.216338888888889,0.1757,0.328,6403,534,616,1023,20.3,1,23.6,3,25.2,9
2007/08,Niña,SAUCE C,101.0,55,164,202,32,moderadamente susceptible,0.2765,0.2473,0.3209,0.537727272727273,0.4789,0.6266,0.636181818181818,0.5991,0.7097,0.6213272727272731,0.4432,0.6679,0.576672727272727,0.3531,0.6917,0.4871,0.3579,0.5984,0.279336363636364,0.2165,0.3338,7810,515,640,1008,20.3,1,23.6,3,25.2,9
2007/08,Niña,7 NORTE A,170.3,55,164,202,50,practicamente no susceptible,0.371138888888889,0.3328,0.595,0.583405555555556,0.3632,0.7867,0.645172222222222,0.5176,0.6973,0.5484944444444441,0.3541,0.5969,0.47386111111111096,0.4322,0.551,0.422633333333333,0.372,0.5197,0.18417222222222202,0.1309,0.2929,6865,523,633,1012,20.3,1,23.6,3,25.2,9
2008/09,Niña,SAUCE A1,55.2,181,55,213,30,altamente susceptible,0.242166666666667,0.2093,0.2866,0.3012,0.2483,0.331,0.5014,0.461,0.5398,0.41063333333333296,0.3654,0.4652,0.3517,0.3196,0.3728,0.37066666666666703,0.3463,0.3984,0.2298,0.2006,0.2771,1776,984,240,793,24.1,7,24.1,5,25.1,5
2008/09,Niña,3C2 RIEGO,83.5,194,56,219,30,altamente susceptible,0.220322222222222,0.2014,0.2577,0.365455555555556,0.232,0.5021,0.587788888888889,0.433,0.7757,0.6308,0.3853,0.8057,0.543233333333333,0.3581,0.7635,0.541688888888889,0.3822,0.6079,0.361488888888889,0.2848,0.49,5645,986,241,787,24.1,7,24.1,5,25.1,5
2008/09,Niña,L8,113.3,194,56,219,73,levemente susceptible,0.373925,0.3488,0.4107,0.288983333333333,0.1851,0.3152,0.473383333333333,0.4526,0.4995,0.428375,0.3684,0.4741,0.283733333333333,0.2605,0.3086,0.271308333333333,0.2173,0.3504,0.20949166666666702,0.1557,0.2522,2166,994,242,786,24.1,7,24.1,5,25.1,5
2008/09,Niña,3C,79.0,194,56,219,73,levemente susceptible,0.3073,0.1893,0.366,0.34868888888888905,0.291,0.397,0.527366666666667,0.4467,0.644,0.409388888888889,0.3484,0.4971,0.223855555555556,0.1977,0.2508,0.233744444444444,0.1978,0.2756,0.38975555555555597,0.3238,0.5011,2646,994,242,786,24.1,7,24.1,5,25.1,5
2008/09,Niña,6 SUR,93.8,194,56,219,50,practicamente no susceptible,0.24728,0.222,0.3233,0.31462,0.2393,0.353,0.49118,0.4202,0.534,0.45111,0.3929,0.4738,0.35181,0.3403,0.3724,0.36865,0.2818,0.4157,0.24713,0.2206,0.2907,390,995,242,777,24.1,7,24.1,5,25.1,5
2008/09,Niña,6 ESTE,46.1,194,56,219,50,practicamente no susceptible,0.27894,0.2358,0.3541,0.25392,0.1973,0.293,0.41582,0.3966,0.4591,0.35594,0.3292,0.3792,0.25206,0.2247,0.3031,0.25144,0.1877,0.335,0.21428,0.1417,0.2881,1216,991,242,778,24.1,7,24.1,5,25.1,5
2008/09,Niña,2C2 RIEGO,91.6,194,56,219,50,practicamente no susceptible,0.35327,0.3096,0.3906,0.4747,0.2326,0.6378,0.61351,0.5454,0.6761,0.53496,0.4437,0.6228,0.28659,0.2261,0.3507,0.28638,0.2479,0.3712,0.45494,0.3514,0.5476,5851,1003,243,796,24.1,7,24.1,5,25.1,5
2008/09,Niña,LAS MONJAS,109.1,184,46,149,50,altamente susceptible,0.34858333333333297,0.3221,0.38,0.46653333333333297,0.3792,0.5424,0.476366666666667,0.3343,0.7162,0.440083333333333,0.3966,0.5386,0.329633333333333,0.2497,0.579,0.271,0.2207,0.3771,0.20489166666666703,0.1471,0.2682,2732,939,241,742,24.1,7,24.1,5,25.1,5
2008/09,Niña,14,99.0,173,46,192,58,practicamente no susceptible,0.293427272727273,0.2431,0.3413,0.40489090909090897,0.3574,0.4818,0.35997272727272694,0.3129,0.4314,0.337318181818182,0.2547,0.4053,0.228227272727273,0.1934,0.3188,0.200781818181818,0.1604,0.2853,0.208363636363636,0.1756,0.2459,1620,772,248,736,24.1,7,24.1,5,25.1,5
2008/09,Niña,16,85.0,173,46,192,26,moderadamente susceptible,0.30886,0.2809,0.3746,0.38643,0.275,0.4527,0.38965,0.2844,0.4488,0.35429,0.2403,0.4261,0.26228,0.195,0.3169,0.18203,0.1533,0.2409,0.17364,0.1465,0.2152,1820,780,246,748,24.1,7,24.1,5,25.1,5
2008/09,Niña,EL HEREDERO1,33.0,85,56,237,23,altamente susceptible,0.37868,0.3252,0.4245,0.34788,0.2714,0.4346,0.47766,0.4314,0.5874,0.39226,0.3079,0.4608,0.22908,0.2132,0.2481,0.27652,0.2156,0.3253,0.28206,0.1885,0.3472,2277,840,241,859,24.1,7,24.1,5,25.1,5
2008/09,Niña,LA QUERENCIA1,40.0,89,55,226,35,levemente susceptible,0.2647,0.2413,0.3071,0.36715,0.3029,0.4157,0.5033,0.3979,0.568,0.4881,0.3228,0.5687,0.365833333333333,0.28,0.4014,0.38565,0.3598,0.4008,0.37278333333333297,0.3574,0.4113,1941,865,241,862,24.1,7,24.1,5,25.1,5
2008/09,Niña,3,73.1,146,61,238,50,moderadamente susceptible,0.17449,0.1697,0.1842,0.28063,0.2497,0.3039,0.60643,0.5544,0.6903,0.6202,0.51,0.6634,0.49796,0.4114,0.5508,0.56059,0.4515,0.5994,0.40336,0.3727,0.4341,3259,929,259,810,24.1,7,24.1,5,25.1,5
2008/09,Niña,9,66.6,146,61,238,50,moderadamente susceptible,0.204988888888889,0.1706,0.2406,0.308688888888889,0.2651,0.3451,0.5731,0.4905,0.6736,0.534644444444444,0.3461,0.6084,0.46061111111111097,0.4256,0.4918,0.46895555555555596,0.343,0.539,0.3082,0.2478,0.376,3585,934,256,804,24.1,7,24.1,5,25.1,5
2008/09,Niña,15,91.3,160,52,234,49,practicamente no susceptible,0.196241666666667,0.1846,0.2065,0.33686666666666704,0.2601,0.3718,0.5895,0.5344,0.6676,0.539466666666667,0.4324,0.65,0.43633333333333296,0.4038,0.4812,0.500208333333333,0.4293,0.5388,0.33298333333333296,0.2813,0.379,2854,937,256,804,24.1,7,24.1,5,25.1,5
2008/09,Niña,19,53.6,160,62,234,59,practicamente no susceptible,0.210857142857143,0.1913,0.227,0.346885714285714,0.3276,0.3723,0.593914285714286,0.5674,0.6452,0.540971428571429,0.5012,0.5602,0.42072857142857095,0.398,0.4395,0.5055142857142859,0.4695,0.5205,0.391457142857143,0.3449,0.4426,1633,937,256,804,24.1,7,24.1,5,25.1,5
2009/10,Niño,15,141.8,400,675,297,30,altamente susceptible,0.3622,0.3109,0.4467,0.5490375,0.5015,0.6266,0.60555625,0.5402,0.7685,0.661325,0.6246,0.6984,0.61771875,0.583,0.6677,0.572375,0.528,0.6231,0.36170625,0.28,0.4747,9284,1379,1529,1662,21.7,2,22.7,0,25.2,1
2009/10,Niño,CANADA SUR,72.8,400,675,297,52,moderadamente susceptible,0.3515125,0.338,0.3877,0.4914625,0.461,0.5377,0.6601625,0.5782,0.7539,0.6921375,0.6451,0.7368,0.6554875,0.5718,0.7435,0.61135,0.5528,0.659,0.3892,0.3613,0.4337,7307,1384,1540,1661,21.7,2,22.7,0,25.2,1
2009/10,Niño,BUEYES NORTE,100.4,382,675,301,38,levemente susceptible,0.335418181818182,0.3081,0.367,0.617318181818182,0.4941,0.6828,0.699372727272727,0.6346,0.744,0.677181818181818,0.6589,0.7365,0.6851272727272729,0.6539,0.706,0.647618181818182,0.6013,0.6798,0.5117181818181821,0.4788,0.5642,10253,1374,1534,1662,21.7,2,22.7,0,25.2,1
2009/10,Niño,GRAFF,213.8,400,675,297,52,moderadamente susceptible,0.323269565217391,0.2148,0.4262,0.44491739130434804,0.2242,0.5372,0.616665217391304,0.5073,0.6768,0.713969565217391,0.6656,0.7998,0.6847086956521741,0.5981,0.8198,0.6400043478260871,0.5649,0.8353,0.5314869565217389,0.4104,0.7257,8396,1384,1540,1661,21.7,2,22.7,0,25.2,1
2009/10,Niño,2A,35.2,None,None,None,None,None,0.30546,0.2939,0.3102,0.52622,0.5023,0.5895,0.6661,0.6366,0.6849,0.76812,0.6505,0.8043,0.59686,0.5255,0.6531,0.5677,0.5139,0.6289,0.46164,0.416,0.4839,8531,None,None,None,21.7,2,22.7,0,25.2,1
2009/10,Niño,TIO YESI,44.0,407,644,324,35,levemente susceptible,0.268733333333333,0.2576,0.2817,0.40705,0.3672,0.4362,0.54995,0.5165,0.5754,0.75185,0.744,0.7701,0.6325,0.617,0.6463,0.53905,0.5248,0.5653,0.241616666666667,0.2026,0.2781,7921,1354,1563,1650,21.7,2,22.7,0,25.2,1
2009/10,Niño,EL RANCHO REPRESA,44.0,394,644,314,35,levemente susceptible,0.296866666666667,0.2763,0.3412,0.38995,0.3767,0.4212,0.562983333333333,0.4914,0.6084,0.641766666666667,0.5827,0.737,0.601583333333333,0.5578,0.6525,0.514283333333333,0.4501,0.5899,0.328516666666667,0.2764,0.3655,5247,1350,1542,1646,21.7,2,22.7,0,25.2,1
2009/10,Niño,ABRA DE LA CRUZ 4,64.0,397,618,315,39,moderadamente susceptible,0.302222222222222,0.268,0.3399,0.473733333333333,0.3643,0.5181,0.6519222222222221,0.5958,0.6895,0.7448555555555559,0.7087,0.7865,0.636011111111111,0.5696,0.6681,0.533144444444444,0.4847,0.5735,0.20303333333333298,0.1765,0.2975,6782,1348,1551,1639,21.7,2,22.7,0,25.2,1
2009/10,Niño,SAN ALBERTO 9,51.0,418,668,327,37,levemente susceptible,0.26668571428571397,0.2514,0.2923,0.206942857142857,0.0,0.3898,0.647285714285714,0.568,0.6944,0.690514285714286,0.6422,0.7572,0.574857142857143,0.4751,0.6236,0.477428571428571,0.4599,0.4928,0.288228571428571,0.2684,0.3309,7220,1365,1566,1643,21.7,2,22.7,0,25.2,1
2009/10,Niño,13,117.7,432,706,324,49,practicamente no susceptible,0.3196125,0.2727,0.4351,0.55081875,0.4328,0.6672,0.63765,0.4393,0.7168,0.6997,0.5421,0.7962,0.60765,0.5461,0.6546,0.53933125,0.3667,0.5792,0.41631875,0.3468,0.5097,7350,1357,1526,1640,21.7,2,22.7,0,25.2,1
2009/10,Niño,1,27.4,427,711,319,None,None,0.25555,0.2394,0.2773,0.5361,0.4837,0.5835,0.6939,0.6328,0.7329,0.747575,0.675,0.8299,0.650175,0.6339,0.6774,0.569475,0.5478,0.5808,0.4196,0.4118,0.4348,8059,1359,1544,1651,21.7,2,22.7,0,25.2,1
2010/11,Niña,1,81.5,66,114,288,38,levemente susceptible,0.340822222222222,0.2946,0.3743,0.340822222222222,0.2946,0.3743,0.564788888888889,0.5431,0.578,0.530322222222222,0.493,0.6032,0.5713,0.5482,0.6247,0.418033333333333,0.3845,0.4423,0.380933333333333,0.355,0.3999,7802,341,551,1306,20.6,1,24.1,2,25.8,5
2010/11,Niña,7 NORTE,103.1,68,120,298,50,practicamente no susceptible,0.29245454545454497,0.2749,0.309,0.29245454545454497,0.2749,0.309,0.648109090909091,0.5778,0.7287,0.5702,0.3065,0.6504,0.536772727272727,0.3065,0.6024,0.342709090909091,0.314,0.3583,0.313709090909091,0.2449,0.3492,6956,336,554,1301,20.6,1,24.1,2,25.8,5
2010/11,Niña,3,264.1,68,120,298,73,levemente susceptible,0.28293214285714297,0.228,0.3806,0.28293214285714297,0.228,0.3806,0.594578571428571,0.5447,0.6294,0.588332142857143,0.4079,0.6387,0.544860714285714,0.3358,0.6576,0.414407142857143,0.3687,0.4751,0.405146428571429,0.3286,0.534,6694,341,544,1321,20.6,1,24.1,2,25.8,5
2010/11,Niña,19,57.7,68,120,298,50,practicamente no susceptible,0.28492857142857103,0.2755,0.31,0.28492857142857103,0.2755,0.31,0.629557142857143,0.6024,0.6544,0.623171428571429,0.566,0.6736,0.635957142857143,0.5896,0.6736,0.380057142857143,0.3494,0.4278,0.3421,0.3048,0.4178,7907,336,554,1301,20.6,1,24.1,2,25.8,5
2010/11,Niña,SAVINO,56.2,60,140,281,44,altamente susceptible,0.314483333333333,0.2571,0.356,0.314483333333333,0.2571,0.356,0.635966666666667,0.6034,0.6723,0.633833333333333,0.587,0.6718,0.486333333333333,0.4389,0.5391,0.45853333333333296,0.4016,0.5713,0.275133333333333,0.2558,0.3006,7449,318,709,1324,20.6,1,24.1,2,25.8,5
2010/11,Niña,9,79.7,69,117,285,50,moderadamente susceptible,0.24675454545454498,0.2306,0.2545,0.492490909090909,0.4374,0.5498,0.492490909090909,0.4374,0.5498,0.44658181818181797,0.4016,0.4735,0.44658181818181797,0.4016,0.4735,0.305945454545455,0.2762,0.3787,0.294536363636364,0.2686,0.3323,4324,372,468,1380,20.6,1,24.1,2,25.8,5
2010/11,Niña,10,102.6,69,117,285,50,moderadamente susceptible,0.238107142857143,0.2117,0.2914,0.501857142857143,0.4066,0.5546,0.501857142857143,0.4066,0.5546,0.483428571428571,0.3222,0.5908,0.42382857142857094,0.3222,0.4911,0.338571428571429,0.2937,0.3637,0.3362,0.2969,0.4009,4808,372,472,1655,20.6,1,24.1,2,25.8,5
2010/11,Niña,20,14.8,71,119,286,49,practicamente no susceptible,0.32485,0.3201,0.3296,0.4479,0.4343,0.4615,0.4479,0.4343,0.4615,0.3746,0.3365,0.4127,0.3362,0.3359,0.3365,0.32295,0.3087,0.3372,0.31265,0.2718,0.3535,3669,371,467,1391,20.6,1,24.1,2,25.8,5
2011/12,Niña,3C3 RIEGO,56.5,241,80,153,30,altamente susceptible,0.232516666666667,0.1994,0.2453,0.50215,0.4501,0.5781,0.60745,0.5577,0.6511,0.596233333333333,0.5532,0.626,0.633783333333333,0.5675,0.7101,0.475766666666667,0.3864,0.5913,0.357366666666667,0.2036,0.6326,7685,887,666,735,22.3,0,23.4,3,25.9,13
2011/12,Niña,1C1 RIEGO,56.9,241,80,153,13,practicamente no susceptible,0.666266666666667,0.6427,0.7243,0.752233333333333,0.6358,0.813,0.6988,0.6581,0.7435,0.70995,0.6591,0.7627,0.684383333333333,0.6676,0.7123,0.470283333333333,0.4364,0.4842,0.24951666666666703,0.2201,0.2806,13315,868,645,744,22.3,0,23.4,3,25.9,13
2011/12,Niña,4,83.6,205,82,131,50,moderadamente susceptible,0.43397272727272695,0.3141,0.5703,0.6211272727272731,0.4986,0.6539,0.650545454545455,0.5508,0.7393,0.523645454545455,0.4174,0.6006,0.501218181818182,0.4411,0.5823,0.216436363636364,0.1928,0.2653,0.1696,0.138,0.2678,4414,837,725,716,22.3,0,23.4,3,25.9,13
2011/12,Niña,14,90.0,207,83,132,50,moderadamente susceptible,0.47625,0.3858,0.5387,0.546783333333333,0.4877,0.7485,0.537691666666667,0.4883,0.5776,0.45375,0.4274,0.5021,0.316008333333333,0.3025,0.3431,0.19039166666666701,0.1691,0.2242,0.218641666666667,0.1738,0.2774,2763,816,704,734,22.3,0,23.4,3,25.9,13
2011/12,Niña,15,104.6,207,83,132,50,moderadamente susceptible,0.50715,0.4411,0.6708,0.558307142857143,0.3828,0.7253,0.519057142857143,0.4327,0.573,0.46213571428571404,0.4137,0.4962,0.38015,0.3027,0.4752,0.20491428571428602,0.1805,0.2351,0.19290714285714297,0.1427,0.2359,3153,811,703,734,22.3,0,23.4,3,25.9,13
2011/12,Niña,18,45.4,207,83,132,49,practicamente no susceptible,0.37638333333333296,0.3259,0.4265,0.5538666666666671,0.5111,0.6236,0.49605,0.3976,0.6006,0.429883333333333,0.3731,0.479,0.368183333333333,0.3028,0.4502,0.2121,0.1841,0.2423,0.2046,0.1669,0.2816,2838,811,703,734,22.3,0,23.4,3,25.9,13
2012/13,Neutro,2C2,110.3,127,604,91,50,practicamente no susceptible,0.279,0.2294,0.3444,0.279,0.2294,0.3444,0.6606666666666671,0.6312,0.6981,0.620183333333333,0.5741,0.6804,0.585125,0.5125,0.6867,0.576941666666667,0.481,0.7678,0.346925,0.2348,0.5263,7855,965,1748,757,22.7,0,23.7,2,24.4,3
2012/13,Neutro,1C4,81.0,127,604,91,50,practicamente no susceptible,0.26315555555555603,0.2455,0.3269,0.26315555555555603,0.2455,0.3269,0.676855555555556,0.6399,0.7125,0.657033333333333,0.6215,0.7943,0.609722222222222,0.4998,0.7291,0.6467888888888891,0.4994,0.7543,0.399788888888889,0.2941,0.5694,8917,965,1748,757,22.7,0,23.7,2,24.4,3
2012/13,Neutro,21,62.1,127,604,91,34,practicamente no susceptible,0.267014285714286,0.1954,0.3634,0.267014285714286,0.1954,0.3634,0.541628571428571,0.5113,0.6224,0.561828571428571,0.5337,0.6334,0.539542857142857,0.5072,0.5613,0.5392714285714291,0.5108,0.5738,0.299614285714286,0.2444,0.3718,7591,969,1751,760,22.7,0,23.7,2,24.4,3
2012/13,Neutro,6,255.8,127,604,91,40,moderadamente susceptible,0.326114285714286,0.2369,0.3884,0.326114285714286,0.2369,0.3884,0.6543,0.4691,0.7345,0.5800571428571429,0.5379,0.6481,0.567232142857143,0.4612,0.6979,0.467842857142857,0.3853,0.6692,0.257028571428571,0.2222,0.3794,8699,959,1748,758,22.7,0,23.7,2,24.4,3
2012/13,Neutro,TEMPEL,192.2,127,604,91,40,moderadamente susceptible,0.34075454545454503,0.283,0.4825,0.34075454545454503,0.283,0.4825,0.633536363636364,0.5639,0.7064,0.614468181818182,0.5781,0.6908,0.5858772727272731,0.5031,0.6723,0.508177272727273,0.3245,0.6141,0.34125454545454503,0.2729,0.4253,10343,944,1749,758,22.7,0,23.7,2,24.4,3
2013/14,Neutro,PROGRESO,187.3,353,108,317,30,altamente susceptible,0.36537619047619,0.3064,0.418,0.5299,0.3635,0.6497,0.664190476190476,0.6042,0.7786,0.57617619047619,0.3649,0.6661,0.525061904761905,0.4702,0.6238,0.474961904761905,0.4365,0.586,0.380442857142857,0.3095,0.4609,5103,1421,461,1604,21.5,0,26.8,17,25.9,11
2013/14,Neutro,SAUCE B,53.8,353,108,317,32,moderadamente susceptible,0.471816666666667,0.4452,0.4917,0.707333333333333,0.6795,0.7601,0.749316666666667,0.7058,0.7839,0.603166666666667,0.4361,0.6451,0.4554,0.4496,0.4593,0.452283333333333,0.4012,0.4747,0.306483333333333,0.2575,0.3689,7150,1445,461,1627,21.5,0,26.8,17,25.9,11
2013/14,Neutro,1C2,71.1,375,103,326,34,practicamente no susceptible,0.51595,0.3864,0.6532,0.5671625,0.2984,0.7252,0.6339125,0.4739,0.791,0.6374125,0.5771,0.6916,0.5296,0.4748,0.593,0.499775,0.4145,0.6365,0.305375,0.1767,0.3885,10131,1429,462,1587,21.5,0,26.8,17,25.9,11
2013/14,Neutro,PR2,18.0,330,80,198,65,moderadamente susceptible,0.345,0.3333,0.3567,0.4699,0.3456,0.5942,0.63985,0.6394,0.6403,0.55775,0.4842,0.6313,0.53475,0.5121,0.5574,0.4484,0.4484,0.4484,0.3378,0.3137,0.3619,6485,1324,494,1300,21.5,0,26.8,17,25.9,11
2013/14,Neutro,PR4,9.1,330,80,198,65,moderadamente susceptible,0.4429,0.4429,0.4429,0.7159,0.7159,0.7159,0.749,0.749,0.749,0.6538,0.6538,0.6538,0.476,0.476,0.476,0.3767,0.3767,0.3767,0.2681,0.2681,0.2681,8120,1324,494,1300,21.5,0,26.8,17,25.9,11
2014/15,Niño,17,51.9,251,275,524,40,moderadamente susceptible,0.49223333333333297,0.3236,0.5491,0.593966666666667,0.4629,0.6597,0.680733333333333,0.6386,0.714,0.6144333333333329,0.5974,0.6414,0.6144333333333329,0.5974,0.6414,0.527983333333333,0.4954,0.614,0.362583333333333,0.2693,0.5583,9980,1441,1151,1743,20.9,0,22.9,0,24.3,0
2014/15,Niño,1C1,54.3,251,275,524,34,practicamente no susceptible,0.556283333333333,0.4883,0.6347,0.5898,0.5212,0.6911,0.693383333333333,0.6425,0.7244,0.598783333333333,0.576,0.6439,0.598783333333333,0.576,0.6439,0.54145,0.5319,0.5494,0.30628333333333296,0.2733,0.3701,11876,1431,1126,1746,20.9,0,22.9,0,24.3,0
2014/15,Niño,2C1,61.7,251,275,524,34,practicamente no susceptible,0.4216,0.2711,0.5348,0.5197,0.3561,0.6907,0.652142857142857,0.6049,0.6904,0.651528571428571,0.5974,0.7633,0.651528571428571,0.5974,0.7633,0.5885714285714291,0.5015,0.7229,0.36824285714285704,0.199,0.6175,12463,1431,1129,1744,20.9,0,22.9,0,24.3,0
2014/15,Niño,7,246.6,251,275,524,50,practicamente no susceptible,0.449474074074074,0.3517,0.5258,0.54902962962963,0.2563,0.6473,0.668292592592593,0.5675,0.7553,0.595088888888889,0.5192,0.6608,0.595088888888889,0.5192,0.6608,0.379196296296296,0.16,0.5401,0.255681481481481,0.1798,0.3021,7668,1433,1135,1743,20.9,0,22.9,0,24.3,0
2014/15,Niño,CD1,163.7,285,275,485,50,moderadamente susceptible,0.543944444444444,0.4761,0.6179,0.587527777777778,0.2731,0.6588,0.698388888888889,0.6222,0.7717,0.6124,0.4753,0.6859,0.6124,0.4753,0.6859,0.5201055555555559,0.4042,0.5535,0.304572222222222,0.251,0.4566,9000,1323,1085,1751,20.9,0,22.9,0,24.3,0
2014/15,Niño,PR5,18.1,205,236,428,65,moderadamente susceptible,0.595,0.549,0.641,0.5974,0.4434,0.7514,0.7246,0.6493,0.7999,0.6487,0.6459,0.6515,0.6487,0.6459,0.6515,0.4301,0.3502,0.51,0.20905,0.2015,0.2166,9284,1178,1126,1749,20.9,0,22.9,0,24.3,0
2014/15,Niño,PR3,8.5,205,236,428,65,moderadamente susceptible,0.585,0.585,0.585,0.6259,0.6259,0.6259,0.6397,0.6397,0.6397,0.6154,0.6154,0.6154,0.6154,0.6154,0.6154,0.4014,0.4014,0.4014,0.3073,0.3073,0.3073,9015,1178,1126,1749,20.9,0,22.9,0,24.3,0
2015/16,Niño,CD1,35.2,196,263,143,50,moderadamente susceptible,0.597675,0.5359,0.6246,0.597175,0.4946,0.7206,0.65345,0.4893,0.7833,0.641125,0.5292,0.6826,0.579475,0.5678,0.5934,0.4578,0.4457,0.4663,0.275075,0.2525,0.3023,7500,822,1013,539,20.5,0,24.0,1,26.5,9
2015/16,Niño,PR7,25.7,213,257,160,65,moderadamente susceptible,0.472166666666667,0.4281,0.4942,0.5152,0.509,0.5276,0.6009,0.5809,0.6409,0.5177,0.5177,0.5177,0.5416,0.5274,0.57,0.440033333333333,0.4227,0.4747,0.3164,0.3164,0.3164,7027,868,1126,588,20.5,0,24.0,1,26.5,9
2015/16,Niño,PR6,25.6,213,257,160,65,moderadamente susceptible,0.5079,0.4159,0.6799,0.493766666666667,0.4598,0.5276,0.613,0.613,0.613,0.45243333333333297,0.4226,0.484,0.485,0.4378,0.535,0.398066666666667,0.3721,0.4274,0.322566666666667,0.2879,0.3683,7765,868,1126,588,20.5,0,24.0,1,26.5,9
2015/16,Niño,6 SUR,97.7,185,258,130,34,practicamente no susceptible,0.514518181818182,0.2791,0.6379,0.657472727272727,0.277,0.8242,0.7649454545454549,0.6255,0.8165,0.717672727272727,0.6788,0.8005,0.6818,0.6341,0.7258,0.488290909090909,0.438,0.6184,0.31038181818181804,0.2512,0.4622,8006,835,1033,532,20.5,0,24.0,1,26.5,9
2015/16,Niño,SAN CARLOS N,89.2,173,263,127,40,moderadamente susceptible,0.53561,0.4917,0.5605,0.65474,0.457,0.8077,0.71599,0.6608,0.7813,0.62867,0.5039,0.7665,0.6116,0.5593,0.6463,0.45848,0.4076,0.5437,0.1847,0.1441,0.3133,7628,815,1110,529,20.5,0,24.0,1,26.5,9
2015/16,Niño,BUEYES NORTE,135.1,166,267,124,32,moderadamente susceptible,0.56082,0.4676,0.6827,0.61944,0.5045,0.6755,0.713986666666667,0.4907,0.8263,0.613633333333333,0.5022,0.6663,0.5992,0.5164,0.6272,0.429313333333333,0.3866,0.53,0.271673333333333,0.2256,0.3673,8726,815,1127,524,20.5,0,24.0,1,26.5,9
2015/16,Niño,1C3,17.0,185,258,130,34,practicamente no susceptible,0.55055,0.5428,0.5583,0.5426,0.3578,0.7274,0.8978,0.8559,0.9397,0.5377,0.4146,0.6608,0.5922,0.5811,0.6033,0.41,0.3966,0.4234,0.2625,0.2257,0.2993,9241,834,1048,530,20.5,0,24.0,1,26.5,9
2015/16,Niño,2C3,111.7,185,258,130,40,moderadamente susceptible,0.563846153846154,0.3529,0.6965,0.609292307692308,0.2985,0.6998,0.803615384615385,0.6302,0.9376,0.656653846153846,0.4806,0.7764,0.5295615384615381,0.3324,0.7335,0.272523076923077,0.1844,0.559,0.2086,0.152,0.3579,7565,831,1054,529,20.5,0,24.0,1,26.5,9
2015/16,Niño,SAUCE A,53.7,173,263,127,32,moderadamente susceptible,0.461766666666667,0.426,0.5063,0.5277333333333329,0.4072,0.6508,0.703,0.5504,0.8065,0.628,0.5795,0.6947,0.6153666666666671,0.566,0.6616,0.462133333333333,0.3944,0.5261,0.325566666666667,0.2594,0.385,8344,814,1119,528,20.5,0,24.0,1,26.5,9
2015/16,Niño,9ESTE,100.9,164,267,130,73,levemente susceptible,0.568,0.4191,0.7756,0.649275,0.4536,0.7885,0.737408333333333,0.5194,0.8349,0.675633333333333,0.5806,0.7291,0.593066666666667,0.5385,0.723,0.414958333333333,0.3542,0.5538,0.2387,0.2004,0.4037,7232,838,1048,531,20.5,0,24.0,1,26.5,9
2015/16,Niño,25,123.0,163,267,128,73,moderadamente susceptible,0.40759285714285703,0.2759,0.4969,0.5204,0.2888,0.7106,0.625121428571429,0.3235,0.9078,0.628564285714286,0.4741,0.7072,0.568921428571429,0.4542,0.6111,0.43789285714285703,0.3312,0.4869,0.270271428571429,0.238,0.3486,5884,832,1080,526,20.5,0,24.0,1,26.5,9
2016/17,Niña,PA1,47.3,230,397,380,33,practicamente no susceptible,0.40706,0.3211,0.4945,0.58374,0.5613,0.6205,0.62112,0.584,0.7119,0.54022,0.4219,0.6003,0.52578,0.5207,0.5359,0.554,0.525,0.5727,0.30568,0.237,0.3486,8100,722,1370,1437,20.8,0,24.5,5,25.1,1
2016/17,Niña,RG4,56.2,216,371,359,43,moderadamente susceptible,0.413783333333333,0.3652,0.4906,0.532616666666667,0.5063,0.5569,0.595833333333333,0.5605,0.6386,0.495483333333333,0.3874,0.5365,0.509666666666667,0.3415,0.5644,0.43135,0.3955,0.5026,0.271083333333333,0.2245,0.3638,6800,780,1373,1494,20.8,0,24.5,5,25.1,1
2016/17,Niña,RG5,45.6,274,471,438,27,practicamente no susceptible,0.37748,0.3418,0.3928,0.49446,0.4835,0.5149,0.58196,0.5644,0.5985,0.55694,0.5334,0.5721,0.51846,0.5063,0.5229,0.50702,0.45,0.5354,0.2918,0.2566,0.3216,8400,744,1484,1535,20.8,0,24.5,5,25.1,1
2016/17,Niña,PR2,17.8,260,439,433,65,moderadamente susceptible,0.28645,0.2774,0.2955,0.47435,0.4141,0.5346,0.6191,0.535,0.7032,0.5417,0.528,0.5554,0.5374,0.4832,0.5916,0.4892,0.484,0.4944,0.34375,0.3268,0.3607,7361,724,1419,1489,20.8,0,24.5,5,25.1,1
2016/17,Niña,PR4,18.3,260,439,433,65,moderadamente susceptible,0.3415,0.3376,0.3454,0.4867,0.4859,0.4875,0.64815,0.6281,0.6682,0.59235,0.4248,0.7599,0.53945,0.5306,0.5483,0.6323,0.6256,0.639,0.37855,0.332,0.4251,7695,724,1419,1489,20.8,0,24.5,5,25.1,1
2016/17,Niña,PR8,26.9,260,439,433,65,moderadamente susceptible,0.323366666666667,0.3011,0.3364,0.463,0.4336,0.5173,0.5195666666666671,0.4137,0.5798,0.344433333333333,0.2931,0.4157,0.44976666666666704,0.3257,0.5361,0.4543,0.3829,0.5552,0.342266666666667,0.2794,0.4228,7120,724,1419,1489,20.8,0,24.5,5,25.1,1
2016/17,Niña,CD,98.0,224,381,402,41,moderadamente susceptible,0.300163636363636,0.2012,0.42,0.604363636363636,0.4327,0.6969,0.614109090909091,0.404,0.6759,0.606581818181818,0.4859,0.6663,0.574327272727273,0.4777,0.6121,0.585018181818182,0.3875,0.6855,0.339836363636364,0.2972,0.415,8000,743,1374,1478,20.8,0,24.5,5,25.1,1
2016/17,Niña,1,92.3,231,367,399,40,moderadamente susceptible,0.338063636363636,0.302,0.3869,0.564936363636364,0.5441,0.5857,0.536990909090909,0.4811,0.5606,0.565090909090909,0.5438,0.5893,0.545227272727273,0.5257,0.56,0.562427272727273,0.5329,0.5897,0.387736363636364,0.3446,0.4128,6484,783,1315,1483,20.8,0,24.5,5,25.1,1
2016/17,Niña,6N,213.8,228,389,407,50,practicamente no susceptible,0.41023043478260895,0.349,0.4725,0.570326086956522,0.3968,0.6464,0.5576695652173911,0.4224,0.6283,0.53385652173913,0.4569,0.5843,0.47095217391304406,0.4496,0.5112,0.44456956521739105,0.4012,0.5257,0.269982608695652,0.2142,0.4658,8030,770,1328,1480,20.8,0,24.5,5,25.1,1
2016/17,Niña,11,79.1,231,367,399,73,levemente susceptible,0.34418888888888904,0.319,0.3784,0.6130777777777779,0.5623,0.7249,0.539033333333333,0.482,0.6687,0.525622222222222,0.4527,0.5432,0.498566666666667,0.4819,0.5225,0.536488888888889,0.504,0.6811,0.26276666666666704,0.2464,0.2765,6507,783,1307,1490,20.8,0,24.5,5,25.1,1
2016/17,Niña,PEREGRINA,129.1,228,389,407,32,moderadamente susceptible,0.38276,0.3327,0.5227,0.627113333333333,0.5628,0.6849,0.5797933333333329,0.5177,0.642,0.586293333333333,0.5546,0.6159,0.546486666666667,0.4864,0.5973,0.577413333333333,0.4667,0.7341,0.367053333333333,0.3155,0.524,7896,779,1318,1482,20.8,0,24.5,5,25.1,1
2016/17,Niña,2C1,128.8,228,389,407,34,practicamente no susceptible,0.408714285714286,0.3589,0.4522,0.633407142857143,0.4057,0.814,0.5903,0.4742,0.6853,0.6064857142857141,0.5557,0.7133,0.550435714285714,0.4824,0.5969,0.54155,0.4871,0.6089,0.312328571428571,0.2703,0.3694,9943,764,1346,1472,20.8,0,24.5,5,25.1,1
